{
  "model": "xgb_split",
  "measured_at": "2026-05-12T02:12:46.714936",
  "region_ess_scores": {
    "강원도": 36.52,
    "경기도": 40.42,
    "경상남도": 35.31,
    "경상북도": 31.46,
    "광주시": 0.03,
    "대구시": 0.03,
    "대전시": 0.03,
    "부산시": 20.22,
    "서울시": 0.03,
    "세종시": 0.04,
    "울산시": 0.04,
    "인천시": 0.03,
    "전라남도": 24.5,
    "전라북도": 25.92,
    "제주도": 32.23,
    "충청남도": 25.94,
    "충청북도": 47.65
  },
  "jeonnam_ess_score": 24.5,
  "non_jeonnam_avg_ess_score": 18.4938,
  "weighted_ess_score": 28.6282,
  "national_ess_score": 12.69,
  "weights": {
    "강원도": 0.08433868143843513,
    "경기도": 0.04483940196281889,
    "경상남도": 0.0687321729505904,
    "경상북도": 0.10804996774895483,
    "광주시": 0.008827436124863301,
    "대구시": 0.008380073065726483,
    "대전시": 0.001831003783457407,
    "부산시": 0.016050844342901244,
    "서울시": 0.0023482259675063214,
    "세종시": 0.003884295206401092,
    "울산시": 0.005729846554119076,
    "인천시": 0.006793602265162111,
    "전라남도": 0.2765995480696057,
    "전라북도": 0.12130468967666733,
    "제주도": 0.056651266746923425,
    "충청남도": 0.13858691107723073,
    "충청북도": 0.04705203301863654
  }
}