{
  "generated_at": "2026-05-12T02:15:45.673553",
  "ess_comparison": {
    "jeonnam": {
      "before": 24.6,
      "after": 24.5,
      "delta": -0.1,
      "delta_pct": -0.41
    },
    "non_jeonnam": {
      "before": 18.5288,
      "after": 18.4938,
      "delta": -0.035,
      "delta_pct": -0.19
    },
    "weighted": {
      "before": 28.6687,
      "after": 28.6282,
      "delta": -0.0406,
      "delta_pct": -0.14
    },
    "national": {
      "before": 12.69,
      "after": 12.69,
      "delta": 0.0,
      "delta_pct": 0.0
    }
  },
  "mae_comparison": {
    "simple_avg": {
      "before": 9.59263959340264,
      "after": 10.658421657280185
    },
    "weighted": {
      "before": 31.91479911750151,
      "after": 34.44464979377614
    },
    "nmae_pct": {
      "before": 9.613595917305595,
      "after": 9.99288080672712
    }
  },
  "region_mae_changes": {
    "강원도": {
      "before": 10.6797,
      "after": 11.1939,
      "delta": 0.5142
    },
    "경기도": {
      "before": 3.4865,
      "after": 3.394,
      "delta": -0.0926
    },
    "경상남도": {
      "before": 5.5211,
      "after": 5.6118,
      "delta": 0.0907
    },
    "경상북도": {
      "before": 12.1667,
      "after": 15.3973,
      "delta": 3.2306
    },
    "광주시": {
      "before": 0.5854,
      "after": 0.5259,
      "delta": -0.0595
    },
    "대구시": {
      "before": 0.5905,
      "after": 0.5449,
      "delta": -0.0455
    },
    "대전시": {
      "before": 0.1291,
      "after": 0.0971,
      "delta": -0.032
    },
    "부산시": {
      "before": 0.8626,
      "after": 0.7368,
      "delta": -0.1258
    },
    "서울시": {
      "before": 0.1724,
      "after": 0.1363,
      "delta": -0.0361
    },
    "세종시": {
      "before": 0.3443,
      "after": 0.2948,
      "delta": -0.0495
    },
    "울산시": {
      "before": 0.277,
      "after": 0.2382,
      "delta": -0.0388
    },
    "인천시": {
      "before": 0.6554,
      "after": 0.6247,
      "delta": -0.0307
    },
    "전라남도": {
      "before": 90.0353,
      "after": 91.399,
      "delta": 1.3637
    },
    "전라북도": {
      "before": 11.5679,
      "after": 15.4201,
      "delta": 3.8522
    },
    "제주도": {
      "before": 2.5858,
      "after": 3.0662,
      "delta": 0.4804
    },
    "충청남도": {
      "before": 17.2229,
      "after": 26.3921,
      "delta": 9.1691
    },
    "충청북도": {
      "before": 6.1922,
      "after": 6.12,
      "delta": -0.0722
    }
  },
  "chungnam_ess_tracking": {
    "before": 25.94,
    "after": 25.94
  }
}