{
  "weights": {
    "강원도": 0.08433868143843513,
    "경기도": 0.04483940196281889,
    "경상남도": 0.0687321729505904,
    "경상북도": 0.10804996774895483,
    "광주시": 0.008827436124863301,
    "대구시": 0.008380073065726483,
    "대전시": 0.001831003783457407,
    "부산시": 0.016050844342901244,
    "서울시": 0.0023482259675063214,
    "세종시": 0.003884295206401092,
    "울산시": 0.005729846554119076,
    "인천시": 0.006793602265162111,
    "전라남도": 0.2765995480696057,
    "전라북도": 0.12130468967666733,
    "제주도": 0.056651266746923425,
    "충청남도": 0.13858691107723073,
    "충청북도": 0.04705203301863654
  },
  "models": {
    "naive": {
      "mae_simple_avg": 21.717423529411764,
      "nmae_simple_avg_pct": 25.453818623828244,
      "mae_weighted": 58.858134220005596,
      "region_metrics": {
        "강원도": {
          "mae": 27.8591,
          "nmae_pct": 27.988878196362748,
          "weight": 0.08433868143843513
        },
        "경기도": {
          "mae": 13.8349,
          "nmae_pct": 24.49113937987407,
          "weight": 0.04483940196281889
        },
        "경상남도": {
          "mae": 21.7506,
          "nmae_pct": 27.767222386407546,
          "weight": 0.0687321729505904
        },
        "경상북도": {
          "mae": 35.5785,
          "nmae_pct": 29.59547722586764,
          "weight": 0.10804996774895483
        },
        "광주시": {
          "mae": 2.7744,
          "nmae_pct": 23.816487562001523,
          "weight": 0.008827436124863301
        },
        "대구시": {
          "mae": 2.6392,
          "nmae_pct": 21.338362354125206,
          "weight": 0.008380073065726483
        },
        "대전시": {
          "mae": 0.5799,
          "nmae_pct": 16.506999562978265,
          "weight": 0.001831003783457407
        },
        "부산시": {
          "mae": 5.0254,
          "nmae_pct": 22.5610893996752,
          "weight": 0.016050844342901244
        },
        "서울시": {
          "mae": 0.7372,
          "nmae_pct": 21.297739652264987,
          "weight": 0.0023482259675063214
        },
        "세종시": {
          "mae": 1.2544,
          "nmae_pct": 18.805689946190597,
          "weight": 0.003884295206401092
        },
        "울산시": {
          "mae": 1.8061,
          "nmae_pct": 20.819449948579454,
          "weight": 0.005729846554119076
        },
        "인천시": {
          "mae": 2.1299,
          "nmae_pct": 22.65095032083467,
          "weight": 0.006793602265162111
        },
        "전라남도": {
          "mae": 136.9333,
          "nmae_pct": 40.87314647111101,
          "weight": 0.2765995480696057
        },
        "전라북도": {
          "mae": 38.6102,
          "nmae_pct": 29.495788148991654,
          "weight": 0.12130468967666733
        },
        "제주도": {
          "mae": 17.8534,
          "nmae_pct": 28.705084775893514,
          "weight": 0.056651266746923425
        },
        "충청남도": {
          "mae": 43.7363,
          "nmae_pct": 27.473800599904074,
          "weight": 0.13858691107723073
        },
        "충청북도": {
          "mae": 16.0934,
          "nmae_pct": 28.52761067401798,
          "weight": 0.04705203301863654
        }
      }
    },
    "xgb_unified": {
      "mae_simple_avg": 9.59263959340264,
      "nmae_simple_avg_pct": 9.613595917305595,
      "mae_weighted": 31.91479911750151,
      "region_metrics": {
        "강원도": {
          "mae": 10.679690999551282,
          "nmae_pct": 12.414325244277432,
          "weight": 0.08433868143843513
        },
        "경기도": {
          "mae": 3.486523873195092,
          "nmae_pct": 7.637124260920729,
          "weight": 0.04483940196281889
        },
        "경상남도": {
          "mae": 5.521145418790369,
          "nmae_pct": 7.725790255217434,
          "weight": 0.0687321729505904
        },
        "경상북도": {
          "mae": 12.166733371399475,
          "nmae_pct": 11.080158932710237,
          "weight": 0.10804996774895483
        },
        "광주시": {
          "mae": 0.5853804884110843,
          "nmae_pct": 6.60789508650349,
          "weight": 0.008827436124863301
        },
        "대구시": {
          "mae": 0.590487422846087,
          "nmae_pct": 6.968544637401807,
          "weight": 0.008380073065726483
        },
        "대전시": {
          "mae": 0.12911020450579086,
          "nmae_pct": 6.97710670550267,
          "weight": 0.001831003783457407
        },
        "부산시": {
          "mae": 0.8626186844292683,
          "nmae_pct": 5.308903272104301,
          "weight": 0.016050844342901244
        },
        "서울시": {
          "mae": 0.1723983839137931,
          "nmae_pct": 7.237161444191585,
          "weight": 0.0023482259675063214
        },
        "세종시": {
          "mae": 0.3443157144261466,
          "nmae_pct": 8.408445802789887,
          "weight": 0.003884295206401092
        },
        "울산시": {
          "mae": 0.2769900899323715,
          "nmae_pct": 4.607304439338213,
          "weight": 0.005729846554119076
        },
        "인천시": {
          "mae": 0.6553928259728602,
          "nmae_pct": 9.539581180561225,
          "weight": 0.006793602265162111
        },
        "전라남도": {
          "mae": 90.03531211981327,
          "nmae_pct": 30.66331899137386,
          "weight": 0.2765995480696057
        },
        "전라북도": {
          "mae": 11.56787225184595,
          "nmae_pct": 9.411592276245692,
          "weight": 0.12130468967666733
        },
        "제주도": {
          "mae": 2.585787258211115,
          "nmae_pct": 4.355230153922704,
          "weight": 0.056651266746923425
        },
        "충청남도": {
          "mae": 17.222927508718968,
          "nmae_pct": 12.205252908108784,
          "weight": 0.13858691107723073
        },
        "충청북도": {
          "mae": 6.192186471881939,
          "nmae_pct": 12.28339500302506,
          "weight": 0.04705203301863654
        }
      }
    }
  }
}